id,date,time,municipality,location,lat,lng,crash_type,severity,corridor,barrel,direction,jurisdiction,description,source_url
L18-0400,2018-02-26,09:06,Lavallette Borough,Pershing Boulevard,,,vehicle,property_damage,,,,county,Property-damage collision with a parked vehicle involving 2 vehicles on Pershing Boulevard. (Source: NJDOT crash record.),
L18-0565,2018-03-11,14:19,Lavallette Borough,Route 35 North & President Avenue,39.974121,-74.06832,vehicle,property_damage,President Avenue,Grand Central Avenue,N,state,Property-damage backing collision involving 2 vehicles on Route 35 about 30 ft W of President Avenue. (Source: NJDOT crash record.),
L18-0840,2018-04-11,10:00,Lavallette Borough,Dickman Drive,,,vehicle,property_damage,,,,county,Property-damage collision with a parked vehicle involving 2 vehicles on Dickman Drive. (Source: NJDOT crash record.),
L18-0879,2018-04-14,13:08,Lavallette Borough,Baltimore Avenue & New Brunswick Avenue,39.96768,-74.07262,vehicle,property_damage,,,,borough,Property-damage right-angle collision involving 2 vehicles on Baltimore Avenue at New Brunswick Avenue. (Source: NJDOT crash record.),
L18-0880,2018-04-14,14:08,Lavallette Borough,Route 35 South & New Brunswick Avenue,39.967545,-74.071076,vehicle,injury,New Brunswick Avenue,Anna O Hankins Boulevard,S,state,Injury right-angle collision involving 2 vehicles on Route 35 at New Brunswick Avenue. (Source: NJDOT crash record.),
L18-0982,2018-04-24,13:59,Lavallette Borough,Route 35 South & Washington Avenue,39.969011,-74.070826,vehicle,injury,Washington Avenue,Anna O Hankins Boulevard,S,state,Injury rear-end collision involving 2 vehicles on Route 35 about 34 ft N of Washington Avenue. (Source: NJDOT crash record.),
L18-1009,2018-04-27,18:45,Lavallette Borough,Route 35 North & Reese Avenue,39.97334,-74.068442,vehicle,property_damage,Reese Avenue,Grand Central Avenue,N,state,Property-damage same-direction sideswipe involving 2 vehicles on Route 35 about 100 ft N of Reese Avenue. (Source: NJDOT crash record.),
L18-1153,2018-05-10,15:13,Lavallette Borough,Route 35 South & President Avenue,39.974287,-74.06996,vehicle,property_damage,President Avenue,Anna O Hankins Boulevard,S,state,Property-damage same-direction sideswipe involving 2 vehicles on Route 35 at President Avenue. (Source: NJDOT crash record.),
L18-1445,2018-05-26,13:54,Lavallette Borough,Route 35 South & Kerr Avenue,39.97653,-74.06961,vehicle,injury,Kerr Avenue,Anna O Hankins Boulevard,S,state,Injury left-turn or U-turn collision involving 2 vehicles on Route 35 at Kerr Avenue. (Source: NJDOT crash record.),
L18-1490,2018-05-27,12:36,Lavallette Borough,Route 35 South & Brown Avenue,39.971295,-74.070446,vehicle,property_damage,Brown Avenue,Anna O Hankins Boulevard,S,state,Property-damage same-direction sideswipe involving 2 vehicles on Route 35 at Brown Avenue. (Source: NJDOT crash record.),
L18-2106,2018-06-28,23:47,Lavallette Borough,Route 35 & Pennsylvania Avenue,39.965992,-74.070489,vehicle,property_damage,Pennsylvania Avenue,,,state,Property-damage collision with a fixed object involving a vehicle on Route 35 about 85 ft W of Pennsylvania Avenue. (Source: NJDOT crash record.),
L18-2241,2018-07-02,12:55,Lavallette Borough,Route 35 South & New Brunswick Avenue,39.96751,-74.07107,vehicle,property_damage,New Brunswick Avenue,Anna O Hankins Boulevard,S,state,Property-damage same-direction sideswipe involving 2 vehicles on Route 35 at New Brunswick Avenue. (Source: NJDOT crash record.),
L18-2245,2018-07-02,17:14,Lavallette Borough,Route 35 South & Bryn Mawr Avenue,39.9803,-74.06899,vehicle,property_damage,Bryn Mawr Avenue,West Central Avenue,S,state,Property-damage same-direction sideswipe involving 2 vehicles on Route 35 at Bryn Mawr Avenue. (Source: NJDOT crash record.),
L18-2278,2018-07-03,17:21,Lavallette Borough,Route 35 North & Brown Avenue,39.97113,-74.06881,bicycle,injury,Brown Avenue,Grand Central Avenue,N,state,Injury crash involving a bicyclist and a vehicle on Route 35 at Brown Avenue. (Source: NJDOT crash record.),
L18-2359,2018-07-05,17:12,Lavallette Borough,Route 35 South & Washington Avenue,39.96917,-74.07079,vehicle,injury,Washington Avenue,Anna O Hankins Boulevard,S,state,Injury rear-end collision involving 2 vehicles on Route 35 about 50 ft N of Washington Avenue. (Source: NJDOT crash record.),
L18-2457,2018-07-08,20:30,Lavallette Borough,Route 35 South & Camden Avenue,39.97054,-74.07058,vehicle,property_damage,Camden Avenue,Anna O Hankins Boulevard,S,state,Property-damage opposite-direction sideswipe involving 2 vehicles on Route 35 at Camden Avenue. (Source: NJDOT crash record.),
L18-2462,2018-07-09,07:40,Lavallette Borough,Route 35 North & Reese Avenue,39.97334,-74.068442,vehicle,property_damage,Reese Avenue,Grand Central Avenue,N,state,Property-damage right-angle collision involving 2 vehicles on Route 35 about 40 ft N of Reese Avenue. (Source: NJDOT crash record.),
L18-2521,2018-07-12,07:59,Lavallette Borough,Route 35 North & Brown Avenue,39.97113,-74.06881,vehicle,property_damage,Brown Avenue,Grand Central Avenue,N,state,Property-damage same-direction sideswipe involving 2 vehicles on Route 35 at Brown Avenue. (Source: NJDOT crash record.),
L18-2580,2018-07-14,15:44,Lavallette Borough,Route 35 South & Haddonfield Avenue,39.97949,-74.06909,vehicle,property_damage,Haddonfield Avenue,West Central Avenue,S,state,Property-damage same-direction sideswipe involving 2 vehicles on Route 35 at Haddonfield Avenue. (Source: NJDOT crash record.),
L18-2616,2018-07-15,14:54,Lavallette Borough,Route 35 South & Bryn Mawr Avenue,39.9803,-74.06897,vehicle,property_damage,Bryn Mawr Avenue,West Central Avenue,S,state,Property-damage same-direction sideswipe involving 2 vehicles on Route 35 at Bryn Mawr Avenue. (Source: NJDOT crash record.),
L18-2704,2018-07-19,12:13,Lavallette Borough,Route 35 North & President Avenue,39.97411,-74.06833,vehicle,property_damage,President Avenue,Grand Central Avenue,N,state,Property-damage rear-end collision involving 2 vehicles on Route 35 at President Avenue. (Source: NJDOT crash record.),
L18-2758,2018-07-21,18:16,Lavallette Borough,Route 35 North & Haddonfield Avenue,39.979334,-74.067363,vehicle,property_damage,Haddonfield Avenue,Grand Central Avenue,N,state,Property-damage rear-end collision involving 2 vehicles on Route 35 at Haddonfield Avenue. (Source: NJDOT crash record.),
L18-2828,2018-07-25,03:31,Lavallette Borough,Route 35 South & Reese Avenue,39.97342,-74.07021,vehicle,injury,Reese Avenue,Anna O Hankins Boulevard,S,state,Injury collision with a fixed object involving a vehicle on Route 35 about 43 ft S of Reese Avenue. (Source: NJDOT crash record.),
L18-2877,2018-07-27,12:28,Lavallette Borough,Route 35 North & Brooklyn Avenue,39.968117,-74.069286,vehicle,property_damage,Brooklyn Avenue,Grand Central Avenue,N,state,Property-damage collision with a parked vehicle involving 2 vehicles on Route 35 about 75 ft N of Brooklyn Avenue. (Source: NJDOT crash record.),
L18-2882,2018-07-27,20:27,Lavallette Borough,Route 35 South & Jersey City Avenue,39.963777,-74.071683,vehicle,injury,Jersey City Avenue,Anna O Hankins Boulevard,S,state,Injury rear-end collision involving 2 vehicles on Route 35 about 56 ft N of Jersey City Avenue. (Source: NJDOT crash record.),
L18-2920,2018-07-29,11:00,Lavallette Borough,Route 35 & Virginia Avenue,39.966729,-74.070368,vehicle,property_damage,Virginia Avenue,,,state,Property-damage backing collision involving 2 vehicles on Route 35 about 59 ft W of Virginia Avenue. (Source: NJDOT crash record.),
L18-3072,2018-08-04,10:03,Lavallette Borough,Route 35 North & New Brunswick Avenue,39.96724,-74.06941,bicycle,injury,New Brunswick Avenue,Grand Central Avenue,N,state,Injury crash involving a bicyclist and a vehicle on Route 35 about 50 ft S of New Brunswick Avenue. (Source: NJDOT crash record.),
L18-3073,2018-08-04,10:20,Lavallette Borough,Route 35 & Guyer Avenue,39.974981,-74.069014,vehicle,property_damage,Guyer Avenue,,,state,Property-damage collision with a parked vehicle involving 2 vehicles on Route 35 about 100 ft W of Guyer Avenue. (Source: NJDOT crash record.),
L18-3117,2018-08-05,11:29,Lavallette Borough,Route 35 & Trenton Avenue,39.960724,-74.071371,vehicle,property_damage,Trenton Avenue,,,state,Property-damage backing collision involving 2 vehicles on Route 35 about 106 ft W of Trenton Avenue. (Source: NJDOT crash record.),
L18-3214,2018-08-09,09:27,Lavallette Borough,Route 35 North & President Avenue,39.97406,-74.06835,vehicle,property_damage,President Avenue,Grand Central Avenue,N,state,Property-damage same-direction sideswipe involving 2 vehicles on Route 35 at President Avenue. (Source: NJDOT crash record.),
L18-3307,2018-08-13,15:56,Lavallette Borough,Route 35 North & Ortley Avenue,39.977828,-74.067707,vehicle,property_damage,Ortley Avenue,Grand Central Avenue,N,state,Property-damage collision with a parked vehicle involving 2 vehicles on Route 35 about 100 ft S of Ortley Avenue. (Source: NJDOT crash record.),
L18-3370,2018-08-16,04:36,Lavallette Borough,Route 35 North & President Avenue,39.974121,-74.06832,vehicle,property_damage,President Avenue,Grand Central Avenue,N,state,Property-damage backing collision involving 2 vehicles on Route 35 about 30 ft W of President Avenue. (Source: NJDOT crash record.),
L18-3363,2018-08-16,16:21,Lavallette Borough,Route 35 South & Virginia Avenue,39.966809,-74.071192,vehicle,property_damage,Virginia Avenue,Anna O Hankins Boulevard,S,state,Property-damage rear-end collision involving 3 vehicles on Route 35 about 60 ft N of Virginia Avenue. (Source: NJDOT crash record.),
L18-3414,2018-08-18,23:08,Lavallette Borough,Pershing Boulevard near Liggett Road,39.965745,-74.082781,vehicle,property_damage,,,,county,Property-damage collision with a parked vehicle involving 2 vehicles on Pershing Boulevard about 200 ft W of Liggett Road. (Source: NJDOT crash record.),
L18-3463,2018-08-21,07:02,Lavallette Borough,Route 35 North & President Avenue,39.974121,-74.06832,vehicle,injury,President Avenue,Grand Central Avenue,N,state,Injury collision with a fixed object involving a vehicle on Route 35 about 125 ft W of President Avenue. (Source: NJDOT crash record.),
L18-3557,2018-08-26,13:00,Lavallette Borough,Route 35 South & Westmont Avenue,39.978705,-74.069244,vehicle,property_damage,Westmont Avenue,Anna O Hankins Boulevard,S,state,Property-damage right-angle collision involving 2 vehicles on Route 35 at Westmont Avenue. (Source: NJDOT crash record.),
L18-3581,2018-08-28,11:06,Lavallette Borough,Route 35 North & Reese Avenue,39.97334,-74.068442,vehicle,property_damage,Reese Avenue,Grand Central Avenue,N,state,Property-damage collision with a parked vehicle involving 2 vehicles on Route 35 about 75 ft E of Reese Avenue. (Source: NJDOT crash record.),
L18-3828,2018-09-16,17:33,Lavallette Borough,Route 35 South & Brown Avenue,39.971295,-74.070446,vehicle,property_damage,Brown Avenue,Anna O Hankins Boulevard,S,state,Property-damage same-direction sideswipe involving 2 vehicles on Route 35 at Brown Avenue. (Source: NJDOT crash record.),
L18-4129,2018-10-19,14:15,Lavallette Borough,Route 35 North & Magee Avenue,39.97186,-74.068672,vehicle,property_damage,Magee Avenue,Grand Central Avenue,N,state,Property-damage collision with a parked vehicle involving 2 vehicles on Route 35 about 50 ft S of Magee Avenue. (Source: NJDOT crash record.),
L18-4180,2018-10-24,17:39,Lavallette Borough,Route 35 South & Reese Avenue,39.97351,-74.06997,vehicle,injury,Reese Avenue,Anna O Hankins Boulevard,S,state,Injury collision with a fixed object involving a vehicle on Route 35 about 66 ft N of Reese Avenue. (Source: NJDOT crash record.),
L18-4411,2018-11-26,13:07,Lavallette Borough,Route 35 South & Trenton Avenue,39.960804,-74.072196,vehicle,property_damage,Trenton Avenue,Anna O Hankins Boulevard,S,state,Property-damage collision with a fixed object involving a vehicle on Route 35 about 50 ft N of Trenton Avenue. (Source: NJDOT crash record.),
L18-4512,2018-12-12,18:19,Lavallette Borough,Route 35 South & Bond Avenue,39.975791,-74.069704,vehicle,property_damage,Bond Avenue,Anna O Hankins Boulevard,S,state,Property-damage collision with a fixed object involving a vehicle on Route 35 about 33 ft S of Bond Avenue. (Source: NJDOT crash record.),
L19-0016,2019-01-05,13:47,Lavallette Borough,Route 35 North & Brown Avenue,39.971125,-74.068785,vehicle,injury,Brown Avenue,Grand Central Avenue,N,state,Injury right-angle collision involving 2 vehicles on Route 35 at Brown Avenue. (Source: NJDOT crash record.),
L19-0032,2019-01-08,13:36,Lavallette Borough,Dickman Drive near Pershing Boulevard,39.967726,-74.077244,vehicle,injury,,,,county,Injury collision with a fixed object involving a vehicle on Dickman Drive about 100 ft W of Pershing Boulevard. (Source: NJDOT crash record.),
L19-0139,2019-01-25,12:08,Lavallette Borough,Route 35 & Vance Avenue,39.972682,-74.069382,vehicle,property_damage,Vance Avenue,,,state,Property-damage same-direction sideswipe involving 2 vehicles on Route 35 at Vance Avenue. (Source: NJDOT crash record.),
C060-2019-00361A,2019-03-06,09:30,Lavallette Borough,Route 35,,,other,property_damage,,,,,Property-damage collision with a non-fixed object involving a vehicle on Route 35. (Source: NJDOT crash record.),
L19-0709,2019-03-28,05:58,Lavallette Borough,Route 35 & New York Avenue,39.965193,-74.070615,vehicle,property_damage,New York Avenue,,,state,Property-damage same-direction sideswipe involving 2 vehicles on Route 35 at New York Avenue. (Source: NJDOT crash record.),
L19-0816,2019-04-10,17:20,Lavallette Borough,Route 35 North & Reese Avenue,39.97334,-74.068442,vehicle,property_damage,Reese Avenue,Grand Central Avenue,N,state,Property-damage same-direction sideswipe involving 2 vehicles on Route 35 about 50 ft N of Reese Avenue. (Source: NJDOT crash record.),
L19-0905,2019-04-23,13:55,Lavallette Borough,Route 35 South & New Brunswick Avenue,39.96753,-74.07109,vehicle,injury,New Brunswick Avenue,Anna O Hankins Boulevard,S,state,Injury same-direction sideswipe involving 2 vehicles on Route 35 at New Brunswick Avenue. (Source: NJDOT crash record.),
L19-0935,2019-04-29,13:50,Lavallette Borough,Route 35 & Ortley Avenue,39.977908,-74.068536,vehicle,property_damage,Ortley Avenue,,,state,Property-damage rear-end collision involving 2 vehicles on Route 35 about 30 ft N of Ortley Avenue. (Source: NJDOT crash record.),
L19-1047,2019-05-13,14:00,Lavallette Borough,Route 35 North & Jersey City Avenue,39.96362,-74.070045,vehicle,property_damage,Jersey City Avenue,Grand Central Avenue,N,state,Property-damage backing collision involving 3 vehicles on Route 35 about 200 ft W of Jersey City Avenue. (Source: NJDOT crash record.),
L19-1075,2019-05-17,11:48,Lavallette Borough,Route 35 South & Ortley Avenue,39.97815,-74.06932,vehicle,injury,Ortley Avenue,Anna O Hankins Boulevard,S,state,Injury rear-end collision involving 2 vehicles on Route 35 about 33 ft N of Ortley Avenue. (Source: NJDOT crash record.),
L19-1106,2019-05-18,19:37,Lavallette Borough,Route 35 North & Princeton Avenue,39.962894,-74.070168,vehicle,property_damage,Princeton Avenue,Grand Central Avenue,N,state,Property-damage same-direction sideswipe involving 2 vehicles on Route 35 at Princeton Avenue. (Source: NJDOT crash record.),
L19-1140,2019-05-21,10:34,Lavallette Borough,Route 35 South & Washington Avenue,39.96902,-74.07082,vehicle,property_damage,Washington Avenue,Anna O Hankins Boulevard,S,state,Property-damage same-direction sideswipe involving 2 vehicles on Route 35 at Washington Avenue. (Source: NJDOT crash record.),
L19-1158,2019-05-23,10:10,Lavallette Borough,Route 35 North & Guyer Avenue,39.974897,-74.068195,vehicle,property_damage,Guyer Avenue,Grand Central Avenue,N,state,Property-damage collision with a fixed object involving a vehicle on Route 35 about 105 ft S of Guyer Avenue. (Source: NJDOT crash record.),
L19-1206,2019-05-25,16:25,Lavallette Borough,Route 35 North & Magee Avenue,39.97183,-74.06866,bicycle,property_damage,Magee Avenue,Grand Central Avenue,N,state,Property-damage crash involving a bicyclist and a vehicle on Route 35 at Magee Avenue. (Source: NJDOT crash record.),
L19-1209,2019-05-25,16:44,Lavallette Borough,Route 35 & Magee Avenue,39.971949,-74.069499,vehicle,injury,Magee Avenue,,,state,Injury left-turn or U-turn collision involving 2 vehicles on Route 35 at Magee Avenue. (Source: NJDOT crash record.),
L19-1220,2019-05-25,21:37,Lavallette Borough,Route 35 North & Kerr Avenue,39.976361,-74.067943,vehicle,injury,Kerr Avenue,Grand Central Avenue,N,state,Injury same-direction sideswipe involving 2 vehicles on Route 35 at Kerr Avenue. (Source: NJDOT crash record.),
L19-1201,2019-05-26,14:37,Lavallette Borough,Route 35 North & Virginia Avenue,39.966648,-74.069543,vehicle,property_damage,Virginia Avenue,Grand Central Avenue,N,state,Property-damage backing collision involving 2 vehicles on Route 35 about 50 ft S of Virginia Avenue. (Source: NJDOT crash record.),
L19-1288,2019-05-27,21:28,Lavallette Borough,Route 35 North & White Avenue,39.977111,-74.067822,vehicle,property_damage,White Avenue,Grand Central Avenue,N,state,Property-damage collision with a parked vehicle involving 2 vehicles on Route 35 about 10 ft S of White Avenue. (Source: NJDOT crash record.),
L19-1431,2019-06-08,11:10,Lavallette Borough,Route 35 North & Brooklyn Avenue,39.968117,-74.069286,vehicle,property_damage,Brooklyn Avenue,Grand Central Avenue,N,state,Property-damage right-angle collision involving 2 vehicles on Route 35 at Brooklyn Avenue. (Source: NJDOT crash record.),
L19-1432,2019-06-08,12:15,Lavallette Borough,Route 35 South & Vance Avenue,39.972762,-74.070206,vehicle,property_damage,Vance Avenue,Anna O Hankins Boulevard,S,state,Property-damage same-direction sideswipe involving 2 vehicles on Route 35 at Vance Avenue. (Source: NJDOT crash record.),
L19-1455,2019-06-09,14:07,Lavallette Borough,Route 35 North & Pennsylvania Avenue,39.965913,-74.069663,vehicle,property_damage,Pennsylvania Avenue,Grand Central Avenue,N,state,Property-damage rear-end collision involving 2 vehicles on Route 35 about 30 ft S of Pennsylvania Avenue. (Source: NJDOT crash record.),
L19-1630,2019-06-22,18:38,Lavallette Borough,Route 35 North & President Avenue,39.97411,-74.06833,vehicle,property_damage,President Avenue,Grand Central Avenue,N,state,Property-damage right-angle collision involving 2 vehicles on Route 35 at President Avenue. (Source: NJDOT crash record.),
L19-1646,2019-06-23,17:54,Lavallette Borough,Route 35 South & Magee Avenue,39.972038,-74.070325,vehicle,injury,Magee Avenue,Anna O Hankins Boulevard,S,state,Injury rear-end collision involving 2 vehicles on Route 35 about 50 ft N of Magee Avenue. (Source: NJDOT crash record.),
L19-1653,2019-06-24,10:36,Lavallette Borough,Route 35 North & New Brunswick Avenue,39.967382,-74.069424,vehicle,property_damage,New Brunswick Avenue,Grand Central Avenue,N,state,Property-damage same-direction sideswipe involving 2 vehicles on Route 35 at New Brunswick Avenue. (Source: NJDOT crash record.),
L19-1771,2019-07-02,12:08,Lavallette Borough,Route 35 North & Virginia Avenue,39.966648,-74.069543,vehicle,injury,Virginia Avenue,Grand Central Avenue,N,state,Injury same-direction sideswipe involving 2 vehicles on Route 35 about 25 ft N of Virginia Avenue. (Source: NJDOT crash record.),
L19-1772,2019-07-02,12:36,Lavallette Borough,Route 35 North & Virginia Avenue,39.966648,-74.069543,vehicle,property_damage,Virginia Avenue,Grand Central Avenue,N,state,Property-damage backing collision involving 2 vehicles on Route 35 about 40 ft E of Virginia Avenue. (Source: NJDOT crash record.),
L19-1818,2019-07-04,16:17,Lavallette Borough,Bay Boulevard & Magee Avenue,39.97221,-74.07215,vehicle,property_damage,,,,county,Property-damage encroachment collision involving 2 vehicles on Bay Boulevard at Magee Avenue. (Source: NJDOT crash record.),
L19-1921,2019-07-08,08:10,Lavallette Borough,Route 35 North & New York Avenue,39.96513,-74.0698,vehicle,property_damage,New York Avenue,Grand Central Avenue,N,state,Property-damage same-direction sideswipe involving 2 vehicles on Route 35 at New York Avenue. (Source: NJDOT crash record.),
L19-1975,2019-07-11,21:05,Lavallette Borough,Route 35 North & Reese Avenue,39.97327,-74.06846,vehicle,injury,Reese Avenue,Grand Central Avenue,N,state,Injury same-direction sideswipe involving 2 vehicles on Route 35 at Reese Avenue. (Source: NJDOT crash record.),
L19-2010,2019-07-13,13:12,Lavallette Borough,Route 35 & Jersey City Avenue,39.963698,-74.070864,vehicle,injury,Jersey City Avenue,,,state,Injury right-angle collision involving 2 vehicles on Route 35 at Jersey City Avenue. (Source: NJDOT crash record.),
L19-2181,2019-07-23,15:41,Lavallette Borough,Route 35 North & Philadelphia Avenue,39.969607,-74.069035,vehicle,property_damage,Philadelphia Avenue,Grand Central Avenue,N,state,Property-damage collision with a parked vehicle involving 2 vehicles on Route 35 about 100 ft E of Philadelphia Avenue. (Source: NJDOT crash record.),
L19-2249,2019-07-27,13:59,Lavallette Borough,Route 35 South & Guyer Avenue,39.975064,-74.069832,vehicle,property_damage,Guyer Avenue,Anna O Hankins Boulevard,S,state,Property-damage rear-end collision involving 2 vehicles on Route 35 about 50 ft N of Guyer Avenue. (Source: NJDOT crash record.),
L19-2401,2019-08-04,17:51,Lavallette Borough,Route 35 North & Reese Avenue,39.97334,-74.068442,bicycle,injury,Reese Avenue,Grand Central Avenue,N,state,Injury crash involving a bicyclist and a vehicle on Route 35 about 100 ft N of Reese Avenue. (Source: NJDOT crash record.),
L19-2565,2019-08-12,12:18,Lavallette Borough,Route 35 North & Reese Avenue,39.97334,-74.068442,vehicle,property_damage,Reese Avenue,Grand Central Avenue,N,state,Property-damage backing collision involving 2 vehicles on Route 35 about 30 ft N of Reese Avenue. (Source: NJDOT crash record.),
L19-2671,2019-08-19,07:48,Lavallette Borough,Route 35 South & Newark Avenue,39.96158,-74.072065,vehicle,property_damage,Newark Avenue,Anna O Hankins Boulevard,S,state,Property-damage backing collision involving 2 vehicles on Route 35 at Newark Avenue. (Source: NJDOT crash record.),
L19-2751,2019-08-24,10:03,Lavallette Borough,Route 35 North & Pennsylvania Avenue,39.96591,-74.06967,vehicle,injury,Pennsylvania Avenue,Grand Central Avenue,N,state,Injury rear-end collision involving 2 vehicles on Route 35 at Pennsylvania Avenue. (Source: NJDOT crash record.),
L19-2817,2019-08-28,15:36,Lavallette Borough,Route 35 North & Bond Avenue,39.975638,-74.068061,vehicle,property_damage,Bond Avenue,Grand Central Avenue,N,state,Property-damage backing collision involving 2 vehicles on Route 35 about 50 ft S of Bond Avenue. (Source: NJDOT crash record.),
L19-2927,2019-09-07,09:13,Lavallette Borough,Baltimore Avenue & Brooklyn Avenue,39.96842,-74.0725,vehicle,injury,,,,borough,Injury right-angle collision involving 3 vehicles on Baltimore Avenue at Brooklyn Avenue. (Source: NJDOT crash record.),
L19-3046,2019-09-20,13:48,Lavallette Borough,Route 35 North & President Avenue,39.974121,-74.06832,vehicle,property_damage,President Avenue,Grand Central Avenue,N,state,Property-damage same-direction sideswipe involving 2 vehicles on Route 35 about 40 ft N of President Avenue. (Source: NJDOT crash record.),
L19-3072,2019-09-23,16:22,Lavallette Borough,Route 35 North & Brown Avenue,39.971125,-74.068785,vehicle,injury,Brown Avenue,Grand Central Avenue,N,state,Injury collision with a fixed object involving a vehicle on Route 35 at Brown Avenue. (Source: NJDOT crash record.),
L19-3098,2019-09-28,09:32,Lavallette Borough,Route 35 & Bryn Mawr Avenue,39.980185,-74.068063,vehicle,property_damage,Bryn Mawr Avenue,,,state,Property-damage backing collision involving 2 vehicles on Route 35 about 35 ft W of Bryn Mawr Avenue. (Source: NJDOT crash record.),
L19-3249,2019-10-19,18:35,Lavallette Borough,Route 35 North & Guyer Avenue,39.974973,-74.068165,pedestrian,fatal,Guyer Avenue,Grand Central Avenue,N,state,Fatal crash involving a pedestrian and a vehicle on Route 35 at Guyer Avenue. (Source: NJDOT crash record.),
L19-3460,2019-11-21,12:04,Lavallette Borough,Route 35 North & Brooklyn Avenue,39.96816,-74.06954,vehicle,property_damage,Brooklyn Avenue,Grand Central Avenue,N,state,Property-damage same-direction sideswipe involving 3 vehicles on Route 35 about 30 ft W of Brooklyn Avenue. (Source: NJDOT crash record.),
L19-3502,2019-11-27,15:15,Lavallette Borough,Route 35 South & Elizabeth Avenue,39.962311,-74.071923,vehicle,property_damage,Elizabeth Avenue,Anna O Hankins Boulevard,S,state,Property-damage right-angle collision involving 2 vehicles on Route 35 at Elizabeth Avenue. (Source: NJDOT crash record.),
L19-3569,2019-12-12,17:49,Lavallette Borough,Route 35 South & Bryn Mawr Avenue,39.980304,-74.068983,vehicle,property_damage,Bryn Mawr Avenue,West Central Avenue,S,state,Property-damage rear-end collision involving 2 vehicles on Route 35 about 25 ft S of Bryn Mawr Avenue. (Source: NJDOT crash record.),
L19-3594,2019-12-17,12:45,Lavallette Borough,Route 35 North & New York Avenue,39.965114,-74.069792,vehicle,property_damage,New York Avenue,Grand Central Avenue,N,state,Property-damage same-direction sideswipe involving 2 vehicles on Route 35 at New York Avenue. (Source: NJDOT crash record.),
L19-3607,2019-12-20,14:02,Lavallette Borough,Route 35 South & Jersey City Avenue,39.963777,-74.071683,vehicle,injury,Jersey City Avenue,Anna O Hankins Boulevard,S,state,Injury right-angle collision involving 2 vehicles on Route 35 at Jersey City Avenue. (Source: NJDOT crash record.),
L20-0223,2020-02-17,09:44,Lavallette Borough,Route 35 North & Brooklyn Avenue,39.967858,-74.069338,vehicle,injury,Brooklyn Avenue,Grand Central Avenue,N,state,Injury rear-end collision involving 2 vehicles on Route 35 about 100 ft S of Brooklyn Avenue. (Source: NJDOT crash record.),
L20-0369,2020-03-11,08:00,Lavallette Borough,Dickman Drive near Dickman Drive,39.967726,-74.077423,vehicle,property_damage,,,,county,Property-damage collision with a parked vehicle involving 2 vehicles on Dickman Drive about 150 ft W of Dickman Drive. (Source: NJDOT crash record.),
L20-0426,2020-03-25,11:00,Lavallette Borough,Route 35 South & Pennsylvania Avenue,39.966072,-74.071314,vehicle,property_damage,Pennsylvania Avenue,Anna O Hankins Boulevard,S,state,Property-damage same-direction sideswipe involving 2 vehicles on Route 35 about 50 ft N of Pennsylvania Avenue. (Source: NJDOT crash record.),
L20-0519,2020-04-12,17:34,Lavallette Borough,Route 35 South & Princeton Avenue,39.963043,-74.071804,vehicle,property_damage,Princeton Avenue,Anna O Hankins Boulevard,S,state,Property-damage same-direction sideswipe involving 2 vehicles on Route 35 at Princeton Avenue. (Source: NJDOT crash record.),
L20-0547,2020-04-19,16:23,Lavallette Borough,Route 35 & New York Avenue,39.965193,-74.070615,vehicle,injury,New York Avenue,,,state,Injury collision with a fixed object involving a vehicle on Route 35 at New York Avenue. (Source: NJDOT crash record.),
L20-0587,2020-04-29,18:05,Lavallette Borough,Route 35 North & Guyer Avenue,39.974897,-74.068195,vehicle,property_damage,Guyer Avenue,Grand Central Avenue,N,state,Property-damage backing collision involving 2 vehicles on Route 35 at Guyer Avenue. (Source: NJDOT crash record.),
L20-0960,2020-05-29,13:08,Lavallette Borough,Route 35 South & Brooklyn Avenue,39.96828,-74.070942,vehicle,property_damage,Brooklyn Avenue,Anna O Hankins Boulevard,S,state,Property-damage same-direction sideswipe involving 2 vehicles on Route 35 at Brooklyn Avenue. (Source: NJDOT crash record.),
L20-1576,2020-06-28,11:36,Lavallette Borough,Dickman Drive near Sturgis Road,39.96347,-74.078848,vehicle,property_damage,,,,county,Property-damage backing collision involving 2 vehicles on Dickman Drive about 351 ft E of Sturgis Road. (Source: NJDOT crash record.),
L20-1907,2020-07-14,16:31,Lavallette Borough,Route 35 North & President Avenue,39.974121,-74.06832,vehicle,property_damage,President Avenue,Grand Central Avenue,N,state,Property-damage backing collision involving 2 vehicles on Route 35 about 528 ft E of President Avenue. (Source: NJDOT crash record.),
L20-1964,2020-07-17,20:37,Lavallette Borough,Route 35 North & Bryn Mawr Avenue,39.980067,-74.067144,vehicle,property_damage,Bryn Mawr Avenue,Grand Central Avenue,N,state,Property-damage same-direction sideswipe involving 2 vehicles on Route 35 at Bryn Mawr Avenue. (Source: NJDOT crash record.),
L20-1971,2020-07-18,10:33,Lavallette Borough,Route 35 South & Westmont Avenue,39.978705,-74.069244,vehicle,property_damage,Westmont Avenue,Anna O Hankins Boulevard,S,state,Property-damage same-direction sideswipe involving 2 vehicles on Route 35 about 100 ft N of Westmont Avenue. (Source: NJDOT crash record.),
L20-1992,2020-07-19,00:26,Lavallette Borough,Route 35 North & Jersey City Avenue,39.96362,-74.070045,vehicle,property_damage,Jersey City Avenue,Grand Central Avenue,N,state,Property-damage collision with a parked vehicle involving 2 vehicles on Route 35 about 66 ft S of Jersey City Avenue. (Source: NJDOT crash record.),
L20-2016,2020-07-20,08:51,Lavallette Borough,Route 35 North & New Brunswick Avenue,39.96741,-74.06936,vehicle,injury,New Brunswick Avenue,Grand Central Avenue,N,state,Injury rear-end collision involving 2 vehicles on Route 35 about 10 ft N of New Brunswick Avenue. (Source: NJDOT crash record.),
L20-2044,2020-07-21,15:19,Lavallette Borough,Route 35 North & Reese Avenue,39.97334,-74.068442,vehicle,property_damage,Reese Avenue,Grand Central Avenue,N,state,Property-damage backing collision involving 2 vehicles on Route 35 about 75 ft S of Reese Avenue. (Source: NJDOT crash record.),
L20-2056,2020-07-22,13:25,Lavallette Borough,Route 35 South & Kerr Avenue,39.97653,-74.06961,vehicle,injury,Kerr Avenue,Anna O Hankins Boulevard,S,state,Injury right-angle collision involving 2 vehicles on Route 35 at Kerr Avenue. (Source: NJDOT crash record.),
L20-2220,2020-07-30,12:48,Lavallette Borough,Route 35 North & Washington Avenue,39.968847,-74.069168,vehicle,injury,Washington Avenue,Grand Central Avenue,N,state,Injury rear-end collision involving 2 vehicles on Route 35 about 20 ft N of Washington Avenue. (Source: NJDOT crash record.),
L20-2221,2020-07-30,15:09,Lavallette Borough,Route 35 North & Vance Avenue,39.972602,-74.068559,vehicle,property_damage,Vance Avenue,Grand Central Avenue,N,state,Property-damage same-direction sideswipe involving 2 vehicles on Route 35 at Vance Avenue. (Source: NJDOT crash record.),
L20-2224,2020-07-30,16:39,Lavallette Borough,Route 35 North & Jersey City Avenue,39.96362,-74.070045,bicycle,injury,Jersey City Avenue,Grand Central Avenue,N,state,Injury crash involving a bicyclist and a vehicle on Route 35 at Jersey City Avenue. (Source: NJDOT crash record.),
L20-2265,2020-08-01,19:04,Lavallette Borough,Route 35 North & Ortley Avenue,39.977828,-74.067707,vehicle,property_damage,Ortley Avenue,Grand Central Avenue,N,state,Property-damage rear-end collision involving 2 vehicles on Route 35 about 50 ft S of Ortley Avenue. (Source: NJDOT crash record.),
L20-2295,2020-08-03,17:29,Lavallette Borough,Route 35 North & Bond Avenue,39.975638,-74.068061,vehicle,injury,Bond Avenue,Grand Central Avenue,N,state,Injury same-direction sideswipe involving 2 vehicles on Route 35 at Bond Avenue. (Source: NJDOT crash record.),
L20-2305,2020-08-04,10:19,Lavallette Borough,Route 35 South & Bryn Mawr Avenue,39.980304,-74.068983,vehicle,property_damage,Bryn Mawr Avenue,West Central Avenue,S,state,Property-damage rear-end collision involving 2 vehicles on Route 35 about 50 ft N of Bryn Mawr Avenue. (Source: NJDOT crash record.),
L20-2422,2020-08-09,02:38,Lavallette Borough,Route 35 North & White Avenue,39.977111,-74.067822,vehicle,property_damage,White Avenue,Grand Central Avenue,N,state,Property-damage collision with a parked vehicle involving 2 vehicles on Route 35 about 30 ft N of White Avenue. (Source: NJDOT crash record.),
L20-2503,2020-08-14,23:15,Lavallette Borough,Bay Boulevard near Ortley Avenue,39.977971,-74.070629,vehicle,property_damage,,,,county,Property-damage collision with a fixed object involving a vehicle on Bay Boulevard about 15 ft S of Ortley Avenue. (Source: NJDOT crash record.),
L20-2560,2020-08-19,12:29,Lavallette Borough,Route 35 South & President Avenue,39.974287,-74.06996,vehicle,injury,President Avenue,Anna O Hankins Boulevard,S,state,Injury rear-end collision involving 3 vehicles on Route 35 at President Avenue. (Source: NJDOT crash record.),
L20-2600,2020-08-21,13:49,Lavallette Borough,Route 35 North & Guyer Avenue,39.974897,-74.068195,vehicle,property_damage,Guyer Avenue,Grand Central Avenue,N,state,Property-damage backing collision involving 2 vehicles on Route 35 about 50 ft E of Guyer Avenue. (Source: NJDOT crash record.),
L20-2768,2020-09-01,14:17,Lavallette Borough,Route 35 & Guyer Avenue,39.974981,-74.069014,bicycle,injury,Guyer Avenue,,,state,Injury crash involving a bicyclist and a vehicle on Route 35 at Guyer Avenue. (Source: NJDOT crash record.),
L20-2778,2020-09-02,18:44,Lavallette Borough,Route 35 North & Brown Avenue,39.971125,-74.068785,vehicle,property_damage,Brown Avenue,Grand Central Avenue,N,state,Property-damage backing collision involving 2 vehicles on Route 35 about 528 ft E of Brown Avenue. (Source: NJDOT crash record.),
L20-2805,2020-09-04,18:33,Lavallette Borough,Route 35 South & President Avenue,39.974287,-74.06996,vehicle,property_damage,President Avenue,Anna O Hankins Boulevard,S,state,Property-damage same-direction sideswipe involving 2 vehicles on Route 35 at President Avenue. (Source: NJDOT crash record.),
L20-2989,2020-09-23,11:17,Lavallette Borough,Route 35 & Kerr Avenue,39.976443,-74.068767,bicycle,injury,Kerr Avenue,,,state,Injury crash involving a bicyclist and a vehicle on Route 35 at Kerr Avenue. (Source: NJDOT crash record.),
L20-3018,2020-09-26,12:46,Lavallette Borough,Route 35 North & Elizabeth Avenue,39.962158,-74.070281,vehicle,injury,Elizabeth Avenue,Grand Central Avenue,N,state,Injury collision with a parked vehicle involving 2 vehicles on Route 35 about 144 ft N of Elizabeth Avenue. (Source: NJDOT crash record.),
L20-3184,2020-10-25,14:27,Lavallette Borough,Route 35 North & Pennsylvania Avenue,39.965959,-74.069696,vehicle,property_damage,Pennsylvania Avenue,Grand Central Avenue,N,state,Property-damage rear-end collision involving 2 vehicles on Route 35 at Pennsylvania Avenue. (Source: NJDOT crash record.),
L20-3267,2020-11-09,08:48,Lavallette Borough,Route 35 & Washington Avenue,39.968929,-74.069997,vehicle,property_damage,Washington Avenue,,,state,Property-damage rear-end collision involving 2 vehicles on Route 35 at Washington Avenue. (Source: NJDOT crash record.),
L20-3329,2020-11-21,06:44,Lavallette Borough,Route 35 North & Pennsylvania Avenue,39.965913,-74.069663,vehicle,property_damage,Pennsylvania Avenue,Grand Central Avenue,N,state,Property-damage collision with a parked vehicle involving 2 vehicles on Route 35 about 469 ft E of Pennsylvania Avenue. (Source: NJDOT crash record.),
L20-3375,2020-11-30,03:43,Lavallette Borough,Route 35 South & White Avenue,39.977273,-74.069474,vehicle,property_damage,White Avenue,Anna O Hankins Boulevard,S,state,Property-damage same-direction sideswipe involving 2 vehicles on Route 35 at White Avenue. (Source: NJDOT crash record.),
L20-3428,2020-12-11,09:15,Lavallette Borough,Bay Boulevard & New Brunswick Avenue,39.967866,-74.074432,bicycle,injury,,,,county,Injury crash involving a bicyclist and a vehicle on Bay Boulevard at New Brunswick Avenue. (Source: NJDOT crash record.),
L20-3442,2020-12-15,12:46,Lavallette Borough,Route 35 South & Jersey City Avenue,39.963777,-74.071683,vehicle,property_damage,Jersey City Avenue,Anna O Hankins Boulevard,S,state,Property-damage rear-end collision involving 2 vehicles on Route 35 at Jersey City Avenue. (Source: NJDOT crash record.),
L20-3511,2020-12-28,19:17,Lavallette Borough,Route 35 North & President Avenue,39.97411,-74.06833,vehicle,property_damage,President Avenue,Grand Central Avenue,N,state,Property-damage right-angle collision involving 2 vehicles on Route 35 at President Avenue. (Source: NJDOT crash record.),
L21-0292,2021-03-07,22:10,Lavallette Borough,Route 35 North & Bryn Mawr Avenue,39.979845,-74.067283,vehicle,property_damage,Bryn Mawr Avenue,Grand Central Avenue,N,state,Property-damage collision with a parked vehicle involving 2 vehicles on Route 35 about 92 ft S of Bryn Mawr Avenue. (Source: NJDOT crash record.),
L21-0293,2021-03-08,09:53,Lavallette Borough,Route 35 North & Camden Avenue,39.97073,-74.068979,vehicle,property_damage,Camden Avenue,Grand Central Avenue,N,state,Property-damage collision with a parked vehicle involving 2 vehicles on Route 35 about 118 ft N of Camden Avenue. (Source: NJDOT crash record.),
L21-0299,2021-03-09,17:02,Lavallette Borough,Route 35 North & Vance Avenue,39.972602,-74.068559,vehicle,property_damage,Vance Avenue,Grand Central Avenue,N,state,Property-damage same-direction sideswipe involving 2 vehicles on Route 35 about 102 ft N of Vance Avenue. (Source: NJDOT crash record.),
L21-0409,2021-03-30,10:30,Lavallette Borough,Route 35 South & Jersey City Avenue,39.96378,-74.0717,vehicle,injury,Jersey City Avenue,Anna O Hankins Boulevard,S,state,Injury right-angle collision involving 2 vehicles on Route 35 at Jersey City Avenue. (Source: NJDOT crash record.),
L21-0420,2021-04-02,17:21,Lavallette Borough,Route 35 North & Elizabeth Avenue,39.962035,-74.070278,vehicle,property_damage,Elizabeth Avenue,Grand Central Avenue,N,state,Property-damage rear-end collision involving 2 vehicles on Route 35 about 30 ft S of Elizabeth Avenue. (Source: NJDOT crash record.),
L21-0660,2021-05-12,10:59,Lavallette Borough,Route 35 North & New York Avenue,39.965114,-74.069792,vehicle,property_damage,New York Avenue,Grand Central Avenue,N,state,Property-damage backing collision involving 2 vehicles on Route 35 about 233 ft W of New York Avenue. (Source: NJDOT crash record.),
L21-0668,2021-05-13,12:51,Lavallette Borough,Route 35 North & Reese Avenue,39.97334,-74.068442,vehicle,injury,Reese Avenue,Grand Central Avenue,N,state,Injury same-direction sideswipe involving 3 vehicles on Route 35 about 150 ft S of Reese Avenue. (Source: NJDOT crash record.),
L21-0929,2021-06-05,14:40,Lavallette Borough,Route 35 South & New York Avenue,39.965282,-74.071454,vehicle,injury,New York Avenue,Anna O Hankins Boulevard,S,state,Injury right-angle collision involving 2 vehicles on Route 35 at New York Avenue. (Source: NJDOT crash record.),
L21-0961,2021-06-06,18:42,Lavallette Borough,Route 35 South & President Avenue,39.974287,-74.06996,vehicle,property_damage,President Avenue,Anna O Hankins Boulevard,S,state,Property-damage backing collision involving 2 vehicles on Route 35 about 50 ft W of President Avenue. (Source: NJDOT crash record.),
L21-0975,2021-06-07,11:37,Lavallette Borough,Route 35 North & New York Avenue,39.965114,-74.069792,vehicle,injury,New York Avenue,Grand Central Avenue,N,state,Injury same-direction sideswipe involving 2 vehicles on Route 35 at New York Avenue. (Source: NJDOT crash record.),
L21-0982,2021-06-08,11:21,Lavallette Borough,Route 35 North & New Jersey Avenue,39.96435,-74.06993,vehicle,injury,New Jersey Avenue,Grand Central Avenue,N,state,Injury right-angle collision involving 2 vehicles on Route 35 at New Jersey Avenue. (Source: NJDOT crash record.),
L21-1179,2021-06-25,20:00,Lavallette Borough,Route 35 North & Guyer Avenue,39.974897,-74.068195,vehicle,property_damage,Guyer Avenue,Grand Central Avenue,N,state,Property-damage same-direction sideswipe involving 2 vehicles on Route 35 about 25 ft S of Guyer Avenue. (Source: NJDOT crash record.),
L21-1207,2021-06-27,12:45,Lavallette Borough,Route 35 North & Virginia Avenue,39.966648,-74.069543,vehicle,injury,Virginia Avenue,Grand Central Avenue,N,state,Injury right-angle collision involving 2 vehicles on Route 35 at Virginia Avenue. (Source: NJDOT crash record.),
L21-1256,2021-07-01,22:36,Lavallette Borough,Route 35 North & Kerr Avenue,39.976361,-74.067943,vehicle,property_damage,Kerr Avenue,Grand Central Avenue,N,state,Property-damage backing collision involving 2 vehicles on Route 35 about 10 ft S of Kerr Avenue. (Source: NJDOT crash record.),
L21-1268,2021-07-02,15:51,Lavallette Borough,Pershing Boulevard near Dickman Drive,39.967726,-74.077509,vehicle,property_damage,,,,county,Property-damage collision with a parked vehicle involving 2 vehicles on Pershing Boulevard about 174 ft W of Dickman Drive. (Source: NJDOT crash record.),
L21-1305,2021-07-04,08:15,Lavallette Borough,Route 35 North & Reese Avenue,39.973645,-74.06833,bicycle,injury,Reese Avenue,Grand Central Avenue,N,state,Injury crash involving a bicyclist and a vehicle on Route 35 about 112 ft N of Reese Avenue. (Source: NJDOT crash record.),
L21-1443,2021-07-11,09:16,Lavallette Borough,Route 35 North & Philadelphia Avenue,39.969607,-74.069035,vehicle,property_damage,Philadelphia Avenue,Grand Central Avenue,N,state,Property-damage backing collision involving 2 vehicles on Route 35 about 300 ft E of Philadelphia Avenue. (Source: NJDOT crash record.),
L21-1534,2021-07-17,10:46,Lavallette Borough,Route 35 North & New Brunswick Avenue,39.96735,-74.0694,bicycle,injury,New Brunswick Avenue,Grand Central Avenue,N,state,Injury crash involving a bicyclist and a vehicle on Route 35 about 50 ft S of New Brunswick Avenue. (Source: NJDOT crash record.),
L21-1629,2021-07-23,11:13,Lavallette Borough,Route 35 & President Avenue,39.974204,-74.06914,vehicle,property_damage,President Avenue,,,state,Property-damage backing collision involving 2 vehicles on Route 35 at President Avenue. (Source: NJDOT crash record.),
L21-1649,2021-07-24,11:09,Lavallette Borough,Route 35 South & Guyer Avenue,39.97505,-74.06985,vehicle,property_damage,Guyer Avenue,Anna O Hankins Boulevard,S,state,Property-damage right-angle collision involving 2 vehicles on Route 35 at Guyer Avenue. (Source: NJDOT crash record.),
L21-1672,2021-07-25,16:26,Lavallette Borough,Route 35 North & Reese Avenue,39.973172,-74.068496,vehicle,property_damage,Reese Avenue,Grand Central Avenue,N,state,Property-damage rear-end collision involving 3 vehicles on Route 35 about 62 ft S of Reese Avenue. (Source: NJDOT crash record.),
L21-1723,2021-07-29,17:00,Lavallette Borough,Route 35 South & Kerr Avenue,39.97653,-74.06961,vehicle,property_damage,Kerr Avenue,Anna O Hankins Boulevard,S,state,Property-damage rear-end collision involving 2 vehicles on Route 35 about 25 ft N of Kerr Avenue. (Source: NJDOT crash record.),
L21-1866,2021-08-06,17:17,Lavallette Borough,Route 35 South & Washington Avenue,39.969011,-74.070826,vehicle,property_damage,Washington Avenue,Anna O Hankins Boulevard,S,state,Property-damage rear-end collision involving 2 vehicles on Route 35 about 25 ft N of Washington Avenue. (Source: NJDOT crash record.),
L21-1895,2021-08-07,20:00,Lavallette Borough,Route 35 North & Ortley Avenue,39.977828,-74.067707,vehicle,injury,Ortley Avenue,Grand Central Avenue,N,state,Injury rear-end collision involving 2 vehicles on Route 35 about 10 ft S of Ortley Avenue. (Source: NJDOT crash record.),
L21-1906,2021-08-08,15:48,Lavallette Borough,Jersey City Avenue near Baltimore Avenue,39.963927,-74.074195,vehicle,property_damage,,,,borough,Property-damage collision with a parked vehicle involving 2 vehicles on Jersey City Avenue about 266 ft W of Baltimore Avenue. (Source: NJDOT crash record.),
L21-1930,2021-08-10,11:42,Lavallette Borough,Route 35 North & New Brunswick Avenue,39.96738,-74.069469,vehicle,property_damage,New Brunswick Avenue,Grand Central Avenue,N,state,Property-damage right-angle collision involving 2 vehicles on Route 35 at New Brunswick Avenue. (Source: NJDOT crash record.),
L21-1950,2021-08-11,15:05,Lavallette Borough,Route 35 North & Reese Avenue,39.97334,-74.06845,vehicle,property_damage,Reese Avenue,Grand Central Avenue,N,state,Property-damage same-direction sideswipe involving 2 vehicles on Route 35 about 125 ft S of Reese Avenue. (Source: NJDOT crash record.),
L21-1980,2021-08-13,14:22,Lavallette Borough,Vance Avenue,,,vehicle,property_damage,,,,borough,Property-damage backing collision involving 2 vehicles on Vance Avenue. (Source: NJDOT crash record.),
L21-1987,2021-08-14,21:44,Lavallette Borough,Route 35 South & Brooklyn Avenue,39.96828,-74.070942,vehicle,property_damage,Brooklyn Avenue,Anna O Hankins Boulevard,S,state,Property-damage backing collision involving 2 vehicles on Route 35 about 30 ft S of Brooklyn Avenue. (Source: NJDOT crash record.),
L21-2009,2021-08-15,10:35,Lavallette Borough,Route 35 South & Jersey City Avenue,39.96378,-74.0717,vehicle,property_damage,Jersey City Avenue,Anna O Hankins Boulevard,S,state,Property-damage right-angle collision involving 2 vehicles on Route 35 at Jersey City Avenue. (Source: NJDOT crash record.),
L21-2046,2021-08-18,14:34,Lavallette Borough,Route 35 & Trenton Avenue,39.960676,-74.071649,vehicle,property_damage,Trenton Avenue,,,state,Property-damage collision with a parked vehicle involving 2 vehicles on Route 35 about 157 ft E of Trenton Avenue. (Source: NJDOT crash record.),
L21-2169,2021-09-01,14:47,Lavallette Borough,Route 35 North & Reese Avenue,39.97334,-74.06845,vehicle,injury,Reese Avenue,Grand Central Avenue,N,state,Injury backing collision involving 2 vehicles on Route 35 about 118 ft S of Reese Avenue. (Source: NJDOT crash record.),
L21-2489,2021-10-17,12:29,Lavallette Borough,Route 35 South & Bryn Mawr Avenue,39.9803,-74.06899,vehicle,property_damage,Bryn Mawr Avenue,West Central Avenue,S,state,Property-damage same-direction sideswipe involving 2 vehicles on Route 35 at Bryn Mawr Avenue. (Source: NJDOT crash record.),
L21-2504,2021-10-21,13:28,Lavallette Borough,Route 35 South & Washington Avenue,39.969011,-74.070826,vehicle,injury,Washington Avenue,Anna O Hankins Boulevard,S,state,Injury right-angle collision involving 2 vehicles on Route 35 at Washington Avenue. (Source: NJDOT crash record.),
L21-2611,2021-11-03,15:31,Lavallette Borough,Route 35 South & Ortley Avenue,39.977987,-74.069365,vehicle,injury,Ortley Avenue,Anna O Hankins Boulevard,S,state,Injury right-angle collision involving 2 vehicles on Route 35 at Ortley Avenue. (Source: NJDOT crash record.),
L21-2653,2021-11-11,19:51,Lavallette Borough,Route 35 North & Vance Avenue,39.972602,-74.068559,vehicle,property_damage,Vance Avenue,Grand Central Avenue,N,state,Property-damage backing collision involving 2 vehicles on Route 35 about 50 ft N of Vance Avenue. (Source: NJDOT crash record.),
L21-2775,2021-12-08,12:43,Lavallette Borough,Route 35 North & Brooklyn Avenue,39.967955,-74.069252,vehicle,property_damage,Brooklyn Avenue,Grand Central Avenue,N,state,Property-damage collision with a parked vehicle involving 2 vehicles on Route 35 about 56 ft S of Brooklyn Avenue. (Source: NJDOT crash record.),
L21-2805,2021-12-10,11:36,Lavallette Borough,Route 35 & Virginia Avenue,39.966729,-74.070368,vehicle,property_damage,Virginia Avenue,,,state,Property-damage collision with a fixed object involving a vehicle on Route 35 about 25 ft  of Virginia Avenue. (Source: NJDOT crash record.),
L22-0341,2022-03-19,09:49,Lavallette Borough,Route 35 South & New York Avenue,39.96529,-74.07145,vehicle,property_damage,New York Avenue,Anna O Hankins Boulevard,S,state,Property-damage rear-end collision involving 2 vehicles on Route 35 at New York Avenue. (Source: NJDOT crash record.),
L22-0375,2022-03-26,13:00,Lavallette Borough,Route 35 North & Haddonfield Avenue,39.979334,-74.067363,vehicle,property_damage,Haddonfield Avenue,Grand Central Avenue,N,state,Property-damage right-angle collision involving 2 vehicles on Route 35 at Haddonfield Avenue. (Source: NJDOT crash record.),
L22-0454,2022-04-09,21:11,Lavallette Borough,Route 35 South & Vance Avenue,39.972762,-74.070206,vehicle,property_damage,Vance Avenue,Anna O Hankins Boulevard,S,state,Property-damage right-angle collision involving 2 vehicles on Route 35 at Vance Avenue. (Source: NJDOT crash record.),
L22-0455,2022-04-10,08:24,Lavallette Borough,Route 35 South & Washington Avenue,39.969011,-74.070826,vehicle,property_damage,Washington Avenue,Anna O Hankins Boulevard,S,state,Property-damage same-direction sideswipe involving 2 vehicles on Route 35 at Washington Avenue. (Source: NJDOT crash record.),
L22-0487,2022-04-17,23:08,Lavallette Borough,Route 35 North & President Avenue,39.974121,-74.06832,vehicle,property_damage,President Avenue,Grand Central Avenue,N,state,Property-damage same-direction sideswipe involving 2 vehicles on Route 35 about 30 ft S of President Avenue. (Source: NJDOT crash record.),
L22-0499,2022-04-18,12:16,Lavallette Borough,Route 35 North & Virginia Avenue,39.966648,-74.069543,vehicle,injury,Virginia Avenue,Grand Central Avenue,N,state,Injury same-direction sideswipe involving 2 vehicles on Route 35 at Virginia Avenue. (Source: NJDOT crash record.),
L22-0548,2022-04-24,14:41,Lavallette Borough,Route 35 South & Brown Avenue,39.9713,-74.07047,vehicle,injury,Brown Avenue,Anna O Hankins Boulevard,S,state,Injury same-direction sideswipe involving 2 vehicles on Route 35 about 10 ft N of Brown Avenue. (Source: NJDOT crash record.),
L22-0588,2022-05-03,14:05,Lavallette Borough,Route 35 North & Bryn Mawr Avenue,39.98007,-74.06713,vehicle,property_damage,Bryn Mawr Avenue,Grand Central Avenue,N,state,Property-damage backing collision involving 2 vehicles on Route 35 about 25 ft N of Bryn Mawr Avenue. (Source: NJDOT crash record.),
L22-0867,2022-05-28,11:11,Lavallette Borough,Route 35 North & Virginia Avenue,39.966648,-74.069543,vehicle,property_damage,Virginia Avenue,Grand Central Avenue,N,state,Property-damage collision with a parked vehicle involving 2 vehicles on Route 35 about 15 ft E of Virginia Avenue. (Source: NJDOT crash record.),
L22-1071,2022-06-06,05:47,Lavallette Borough,Route 35 North & Magee Avenue,39.97186,-74.068672,vehicle,property_damage,Magee Avenue,Grand Central Avenue,N,state,Property-damage collision with a parked vehicle involving 3 vehicles on Route 35 about 25 ft E of Magee Avenue. (Source: NJDOT crash record.),
L22-1159,2022-06-12,15:29,Lavallette Borough,Route 35 North & Magee Avenue,39.97187,-74.06869,vehicle,property_damage,Magee Avenue,Grand Central Avenue,N,state,Property-damage same-direction sideswipe involving 2 vehicles on Route 35 about 40 ft N of Magee Avenue. (Source: NJDOT crash record.),
L22-1168,2022-06-13,10:29,Lavallette Borough,Route 35 North & President Avenue,39.974121,-74.06832,vehicle,property_damage,President Avenue,Grand Central Avenue,N,state,Property-damage backing collision involving 2 vehicles on Route 35 about 125 ft W of President Avenue. (Source: NJDOT crash record.),
L22-1212,2022-06-15,22:09,Lavallette Borough,Bay Boulevard & Washington Avenue,39.969286,-74.073558,vehicle,injury,,,,county,Injury collision with a fixed object involving a vehicle on Bay Boulevard at Washington Avenue. (Source: NJDOT crash record.),
L22-1230,2022-06-17,16:15,Lavallette Borough,Route 35 North & Washington Avenue,39.96874,-74.06925,vehicle,property_damage,Washington Avenue,Grand Central Avenue,N,state,Property-damage same-direction sideswipe involving 2 vehicles on Route 35 about 60 ft S of Washington Avenue. (Source: NJDOT crash record.),
L22-1254,2022-06-18,15:58,Lavallette Borough,Route 35 South & Vance Avenue,39.972762,-74.070206,vehicle,property_damage,Vance Avenue,Anna O Hankins Boulevard,S,state,Property-damage collision with a parked vehicle involving 2 vehicles on Route 35 about 20 ft N of Vance Avenue. (Source: NJDOT crash record.),
L22-1281,2022-06-20,16:19,Lavallette Borough,Route 35 North & President Avenue,39.974121,-74.06832,vehicle,property_damage,President Avenue,Grand Central Avenue,N,state,Property-damage backing collision involving 2 vehicles on Route 35 about 75 ft E of President Avenue. (Source: NJDOT crash record.),
L22-1334,2022-06-24,10:00,Lavallette Borough,Route 35 North & Guyer Avenue,39.974897,-74.068195,vehicle,property_damage,Guyer Avenue,Grand Central Avenue,N,state,Property-damage backing collision involving 2 vehicles on Route 35 about 50 ft W of Guyer Avenue. (Source: NJDOT crash record.),
L22-1375,2022-06-26,14:00,Lavallette Borough,Route 35 South & Vance Avenue,39.97277,-74.07023,vehicle,property_damage,Vance Avenue,Anna O Hankins Boulevard,S,state,Property-damage rear-end collision involving 2 vehicles on Route 35 about 20 ft N of Vance Avenue. (Source: NJDOT crash record.),
L22-1379,2022-06-26,19:43,Lavallette Borough,Route 35 North & Vance Avenue,39.972602,-74.068559,vehicle,property_damage,Vance Avenue,Grand Central Avenue,N,state,Property-damage same-direction sideswipe involving 2 vehicles on Route 35 about 50 ft S of Vance Avenue. (Source: NJDOT crash record.),
L22-1393,2022-06-27,17:40,Lavallette Borough,Route 35 North & New Brunswick Avenue,39.967382,-74.069424,vehicle,property_damage,New Brunswick Avenue,Grand Central Avenue,N,state,Property-damage backing collision involving 2 vehicles on Route 35 about 30 ft S of New Brunswick Avenue. (Source: NJDOT crash record.),
22-32137,2022-07-01,11:18,Lavallette Borough,Plover Way; Ocean Be,,,vehicle,property_damage,,,,,Property-damage collision with a fixed object involving a vehicle on Plover Way; Ocean Be. (Source: NJDOT crash record.),
L22-1473,2022-07-02,11:32,Lavallette Borough,Route 35 North & Brown Avenue,39.97113,-74.06881,bicycle,injury,Brown Avenue,Grand Central Avenue,N,state,Injury crash involving a bicyclist and a vehicle on Route 35 at Brown Avenue. (Source: NJDOT crash record.),
L22-1505,2022-07-03,13:01,Lavallette Borough,Route 35 North & New Jersey Avenue,39.96435,-74.06992,vehicle,property_damage,New Jersey Avenue,Grand Central Avenue,N,state,Property-damage backing collision involving 2 vehicles on Route 35 at New Jersey Avenue. (Source: NJDOT crash record.),
L22-1515,2022-07-03,18:29,Lavallette Borough,Route 35 North & Philadelphia Avenue,39.96962,-74.06906,vehicle,property_damage,Philadelphia Avenue,Grand Central Avenue,N,state,Property-damage same-direction sideswipe involving 2 vehicles on Route 35 about 25 ft S of Philadelphia Avenue. (Source: NJDOT crash record.),
L22-1519,2022-07-03,19:03,Lavallette Borough,Route 35 North & Philadelphia Avenue,39.96962,-74.06906,vehicle,property_damage,Philadelphia Avenue,Grand Central Avenue,N,state,Property-damage same-direction sideswipe involving 2 vehicles on Route 35 at Philadelphia Avenue. (Source: NJDOT crash record.),
L22-1622,2022-07-06,14:13,Lavallette Borough,Route 35 North & Virginia Avenue,39.966648,-74.069543,vehicle,property_damage,Virginia Avenue,Grand Central Avenue,N,state,Property-damage backing collision involving 2 vehicles on Route 35 about 75 ft E of Virginia Avenue. (Source: NJDOT crash record.),
L22-1691,2022-07-10,07:25,Lavallette Borough,Route 35 North & Washington Avenue,39.96885,-74.06919,pedestrian,injury,Washington Avenue,Grand Central Avenue,N,state,Injury crash involving a pedestrian and a vehicle on Route 35 at Washington Avenue. (Source: NJDOT crash record.),
L22-1698,2022-07-10,20:06,Lavallette Borough,Route 35,,,vehicle,property_damage,,,,,Property-damage backing collision involving 2 vehicles on Route 35. (Source: NJDOT crash record.),
L22-1752,2022-07-14,10:37,Lavallette Borough,Route 35 North & Reese Avenue,39.97332,-74.06845,vehicle,property_damage,Reese Avenue,Grand Central Avenue,N,state,Property-damage backing collision involving 2 vehicles on Route 35 about 50 ft S of Reese Avenue. (Source: NJDOT crash record.),
L22-1777,2022-07-15,16:48,Lavallette Borough,Route 35 & New Brunswick Avenue,39.967464,-74.07025,vehicle,property_damage,New Brunswick Avenue,,,state,Property-damage backing collision involving 2 vehicles on Route 35 about 750 ft E of New Brunswick Avenue. (Source: NJDOT crash record.),
L22-1824,2022-07-18,13:56,Lavallette Borough,Route 35 North & Trenton Avenue,39.96063,-74.07054,vehicle,property_damage,Trenton Avenue,Grand Central Avenue,N,state,Property-damage right-angle collision involving 2 vehicles on Route 35 at Trenton Avenue. (Source: NJDOT crash record.),
L22-1834,2022-07-19,12:12,Lavallette Borough,Route 35 South & Bryn Mawr Avenue,39.9803,-74.06899,bicycle,injury,Bryn Mawr Avenue,West Central Avenue,S,state,Injury crash involving a bicyclist and a vehicle on Route 35 at Bryn Mawr Avenue. (Source: NJDOT crash record.),
L22-1916,2022-07-23,15:38,Lavallette Borough,Route 35 North & Vance Avenue,39.9726,-74.06857,vehicle,property_damage,Vance Avenue,Grand Central Avenue,N,state,Property-damage rear-end collision involving 2 vehicles on Route 35 about 20 ft  of Vance Avenue. (Source: NJDOT crash record.),
L22-1977,2022-07-26,14:16,Lavallette Borough,Route 35 South & Newark Avenue,39.96157,-74.07207,bicycle,injury,Newark Avenue,Anna O Hankins Boulevard,S,state,Injury crash involving a bicyclist and a vehicle on Route 35 at Newark Avenue. (Source: NJDOT crash record.),
L22-2118,2022-08-02,07:35,Lavallette Borough,Route 35 North & Virginia Avenue,39.966648,-74.069543,vehicle,property_damage,Virginia Avenue,Grand Central Avenue,N,state,Property-damage collision with a parked vehicle involving 2 vehicles on Route 35 about 100 ft E of Virginia Avenue. (Source: NJDOT crash record.),
L22-2261,2022-08-08,18:30,Lavallette Borough,Route 35 North & Trenton Avenue,39.96063,-74.07054,vehicle,property_damage,Trenton Avenue,Grand Central Avenue,N,state,Property-damage same-direction sideswipe involving 2 vehicles on Route 35 at Trenton Avenue. (Source: NJDOT crash record.),
L22-2417,2022-08-16,09:41,Lavallette Borough,Route 35 North & Reese Avenue,39.97334,-74.06845,vehicle,property_damage,Reese Avenue,Grand Central Avenue,N,state,Property-damage backing collision involving 2 vehicles on Route 35 about 75 ft S of Reese Avenue. (Source: NJDOT crash record.),
L22-2424,2022-08-16,15:49,Lavallette Borough,Route 35 South & Bryn Mawr Avenue,39.980304,-74.068983,vehicle,property_damage,Bryn Mawr Avenue,West Central Avenue,S,state,Property-damage same-direction sideswipe involving 2 vehicles on Route 35 at Bryn Mawr Avenue. (Source: NJDOT crash record.),
L22-2442,2022-08-17,14:43,Lavallette Borough,Route 35 South & Kerr Avenue,39.97653,-74.06961,bicycle,injury,Kerr Avenue,Anna O Hankins Boulevard,S,state,Injury crash involving a bicyclist and a vehicle on Route 35 at Kerr Avenue. (Source: NJDOT crash record.),
L22-2527,2022-08-24,13:58,Lavallette Borough,Bay Boulevard near Magee Avenue,39.972292,-74.07215,vehicle,injury,,,,county,Injury collision with a parked vehicle involving 2 vehicles on Bay Boulevard about 30 ft N of Magee Avenue. (Source: NJDOT crash record.),
L22-2564,2022-08-26,08:51,Lavallette Borough,Route 35 South & Guyer Avenue,39.97505,-74.06985,vehicle,property_damage,Guyer Avenue,Anna O Hankins Boulevard,S,state,Property-damage same-direction sideswipe involving 2 vehicles on Route 35 at Guyer Avenue. (Source: NJDOT crash record.),
L22-2658,2022-09-01,10:06,Lavallette Borough,Route 35 North & Philadelphia Avenue,39.969607,-74.069035,vehicle,property_damage,Philadelphia Avenue,Grand Central Avenue,N,state,Property-damage same-direction sideswipe involving 2 vehicles on Route 35 at Philadelphia Avenue. (Source: NJDOT crash record.),
L22-2966,2022-10-07,15:19,Lavallette Borough,Route 35 North & President Avenue,39.97411,-74.06833,vehicle,property_damage,President Avenue,Grand Central Avenue,N,state,Property-damage same-direction sideswipe involving 2 vehicles on Route 35 about 5 ft S of President Avenue. (Source: NJDOT crash record.),
L22-3390,2022-11-18,15:50,Lavallette Borough,Route 35 South & Guyer Avenue,39.97505,-74.06985,vehicle,injury,Guyer Avenue,Anna O Hankins Boulevard,S,state,Injury rear-end collision involving 2 vehicles on Route 35 at Guyer Avenue. (Source: NJDOT crash record.),
L22-3714,2022-12-22,14:55,Lavallette Borough,Route 35 South & Bryn Mawr Avenue,39.980304,-74.068983,vehicle,injury,Bryn Mawr Avenue,West Central Avenue,S,state,Injury collision with a fixed object involving a vehicle on Route 35 at Bryn Mawr Avenue. (Source: NJDOT crash record.),
